{
  "roc_auc_mean": 0.9950516622560514,
  "roc_auc_std": 0.005452253103408046,
  "pr_auc_mean": 0.996681520628484,
  "pr_auc_std": 0.0038406997693099555,
  "f1_mean": 0.9776942076997297,
  "f1_std": 0.010154119143858225,
  "acc_mean": 0.971914299021891,
  "acc_std": 0.012868827412374747,
  "cms": [
    [
      [
        42,
        1
      ],
      [
        3,
        68
      ]
    ],
    [
      [
        39,
        4
      ],
      [
        1,
        70
      ]
    ],
    [
      [
        39,
        3
      ],
      [
        1,
        71
      ]
    ],
    [
      [
        42,
        0
      ],
      [
        2,
        70
      ]
    ],
    [
      [
        41,
        1
      ],
      [
        0,
        71
      ]
    ]
  ]
}